Line 4 x,Line 4 y
9.127573939874E-3,9.980958585463E1
2.628479599388E-2,9.980947432823E1
4.344201804788E-2,9.980936280182E1
6.059924010188E-2,9.980925127542E1
7.775646215588E-2,9.980913974902E1
9.491368420988E-2,9.980902822261E1
1.120709062639E-1,9.980891669621E1
1.292281283179E-1,9.980880516980E1
1.463853503719E-1,9.980869364340E1
1.635425724259E-1,9.980858211699E1
1.806997944799E-1,9.980847059059E1
1.978570165339E-1,9.980835906418E1
2.150142385879E-1,9.980824753778E1
2.321714606419E-1,9.980813601138E1
2.493286826959E-1,9.980802448497E1
2.664859047499E-1,9.980791295857E1
2.836431268039E-1,9.980780143216E1
3.008003488579E-1,9.980768990576E1
3.179575709119E-1,9.980757837935E1
3.351147929659E-1,9.980746685295E1
3.522720150199E-1,9.980735532655E1
3.825866761603E-1,9.979498704830E1
4.080612267742E-1,9.962360926873E1
4.191668269708E-1,9.945156418951E1
4.210525791459E-1,9.928963116955E1
4.211150339324E-1,9.907663432487E1
4.211685666065E-1,9.889406560085E1
4.212310213930E-1,9.868106875617E1
4.288842500456E-1,9.849334306449E1
4.556436087368E-1,9.834613637600E1
4.728008307908E-1,9.834602484960E1
4.899580528448E-1,9.834591332319E1
5.071152748988E-1,9.834580179679E1
5.242724969528E-1,9.834569027038E1
5.414297190068E-1,9.834557874398E1
5.585869410609E-1,9.834546721758E1
5.757441631149E-1,9.834535569117E1
5.929013851689E-1,9.834524416477E1
6.100586072229E-1,9.834513263836E1
6.403732683632E-1,9.833276436011E1
6.642671791460E-1,9.817090562470E1
6.697936789283E-1,9.802655374663E1
6.702694824342E-1,9.779703612390E1
6.703230151083E-1,9.761446739989E1
6.703765477824E-1,9.743189867587E1
6.704300804566E-1,9.724932995186E1
6.704836131307E-1,9.706676122785E1
6.705371458048E-1,9.688419250383E1
6.705906784789E-1,9.670162377982E1
6.706442111530E-1,9.651905505580E1
6.706977438271E-1,9.633648633179E1
6.711267859049E-1,9.609229833995E1
6.813783992136E-1,9.584319249837E1
6.948998657947E-1,9.571559653317E1
7.138049296586E-1,9.560593261972E1
7.309621517126E-1,9.560582109331E1
7.481193737666E-1,9.560570956691E1
7.652765958206E-1,9.560559804050E1
7.824338178746E-1,9.560548651410E1
7.995910399286E-1,9.560537498770E1
8.167482619826E-1,9.560526346129E1
8.339054840366E-1,9.560515193489E1
8.510627060906E-1,9.560504040848E1
8.682199281446E-1,9.560492888208E1
8.853771501986E-1,9.560481735567E1
9.025343722526E-1,9.560470582927E1
9.196915943066E-1,9.560459430286E1
9.368488163606E-1,9.560448277646E1
9.540060384146E-1,9.560437125006E1
9.711632604686E-1,9.560425972365E1
9.883204825226E-1,9.560414819725E1
1.005477704577E0,9.560403667084E1
1.022634926631E0,9.560392514444E1
1.039792148685E0,9.560381361803E1
1.056949370739E0,9.560370209163E1
1.074106592793E0,9.560359056523E1
1.091263814847E0,9.560347903882E1
1.121578475987E0,9.559111076057E1
1.145472386770E0,9.542925202516E1
1.150998886552E0,9.528490014708E1
1.151474690058E0,9.505538252436E1
1.151528222732E0,9.487281380035E1
1.151581755406E0,9.469024507633E1
1.151635288080E0,9.450767635232E1
1.152064330158E0,9.426348836048E1
1.162315943467E0,9.401438251890E1
1.175837410048E0,9.388678655370E1
1.194742473912E0,9.377712264025E1
1.211899695966E0,9.377701111384E1
1.229056918020E0,9.377689958744E1
1.246214140074E0,9.377678806104E1
1.263371362128E0,9.377667653463E1
1.280528584182E0,9.377656500823E1
1.297685806236E0,9.377645348182E1
1.314843028290E0,9.377634195542E1
1.332000250344E0,9.377623042901E1
1.349157472398E0,9.377611890261E1
1.366314694452E0,9.377600737620E1
1.383471916506E0,9.377589584980E1
1.413786577646E0,9.376352757155E1
1.437680488429E0,9.360166883614E1
1.443206988211E0,9.345731695806E1
1.443682791717E0,9.322779933534E1
1.443736324391E0,9.304523061133E1
1.444165366469E0,9.280104261949E1
1.454416979778E0,9.255193677791E1
1.467938446359E0,9.242434081271E1
1.486843510223E0,9.231467689926E1
1.504000732277E0,9.231456537285E1
1.521157954331E0,9.231445384645E1
1.538315176385E0,9.231434232004E1
1.555472398439E0,9.231423079364E1
1.572629620493E0,9.231411926724E1
1.602944281633E0,9.230175098899E1
1.624199429891E0,9.197907536066E1
1.624261884677E0,9.176607851598E1
1.624315417351E0,9.158350979196E1
1.624368950025E0,9.140094106795E1
1.624765123678E0,9.109470177624E1
1.631002146677E0,9.094393365209E1
1.658864066908E0,9.078454857159E1
1.676027980547E0,9.076161595468E1
1.693185202601E0,9.076150442828E1
1.710342424655E0,9.076139290188E1
1.727499646709E0,9.076128137547E1
1.744656868763E0,9.076116984907E1
1.761814090817E0,9.076105832266E1
1.778971312871E0,9.076094679626E1
1.796128534925E0,9.076083526985E1
1.813285756979E0,9.076072374345E1
1.830442979033E0,9.076061221705E1
1.847600201087E0,9.076050069064E1
1.864757423141E0,9.076038916424E1
1.881914645195E0,9.076027763783E1
1.899071867249E0,9.076016611143E1
1.916229089303E0,9.076005458502E1
1.933386311357E0,9.075994305862E1
1.950543533411E0,9.075983153221E1
1.967700755465E0,9.075972000581E1
1.984857977519E0,9.075960847941E1
2.002015199573E0,9.075949695300E1
2.019172421627E0,9.075938542660E1
2.036329643681E0,9.075927390019E1
2.053486865735E0,9.075916237379E1
2.070644087789E0,9.075905084738E1
2.087801309843E0,9.075893932098E1
2.122480445293E0,9.073399109666E1
2.138851664148E0,9.057008803769E1
2.147000035137E0,9.041196439047E1
2.150006990934E0,9.016924482078E1
2.158476803174E0,9.000154562902E1
2.172134008011E0,8.986380609393E1
2.191039071874E0,8.975414218047E1
2.208196293928E0,8.975403065407E1
2.225353515982E0,8.975391912766E1
2.242510738036E0,8.975380760126E1
2.259667960090E0,8.975369607486E1
2.276825182144E0,8.975358454845E1
2.293982404198E0,8.975347302205E1
2.324297065339E0,8.974110474380E1
2.348867675857E0,8.954692990502E1
2.356105111705E0,8.940622442001E1
2.365630769553E0,8.925679935185E1
2.378234803355E0,8.913219288102E1
2.397139867219E0,8.902252896756E1
2.414297089273E0,8.902241744116E1
2.431454311327E0,8.902230591475E1
2.448611533381E0,8.902219438835E1
2.478926194521E0,8.900982611010E1
2.506541438705E0,8.875325395193E1
2.510789912808E0,8.852560993739E1
2.519451296254E0,8.836245922022E1
2.551789071154E0,8.822278706236E1
2.568952984792E0,8.819985444545E1
2.586110206846E0,8.819974291905E1
2.603267428900E0,8.819963139264E1
2.620424650954E0,8.819951986624E1
2.637581873008E0,8.819940833983E1
2.654739095062E0,8.819929681343E1
2.671896317116E0,8.819918528703E1
2.689053539170E0,8.819907376062E1
2.706210761224E0,8.819896223422E1
2.723367983278E0,8.819885070781E1
2.740525205332E0,8.819873918141E1
2.757682427386E0,8.819862765500E1
2.774839649440E0,8.819851612860E1
2.791996871494E0,8.819840460219E1
2.812680855860E0,8.819827015092E1
2.829176492661E0,8.810926951332E1
2.839706767968E0,8.796629784089E1
2.843593447229E0,8.777207633361E1
2.843664824128E0,8.752865136826E1
2.851318052781E0,8.734092567658E1
2.878077411472E0,8.719371898809E1
2.895234633526E0,8.719360746169E1
2.912391855580E0,8.719349593528E1
2.929549077634E0,8.719338440888E1
2.946706299688E0,8.719327288247E1
2.963863521742E0,8.719316135607E1
2.981020743796E0,8.719304982967E1
2.998177965850E0,8.719293830326E1
3.015335187904E0,8.719282677686E1
3.032492409958E0,8.719271525045E1
3.049649632012E0,8.719260372405E1
3.066806854066E0,8.719249219764E1
3.083964076120E0,8.719238067124E1
3.101121298174E0,8.719226914484E1
3.118278520228E0,8.719215761843E1
3.135435742282E0,8.719204609203E1
3.152592964336E0,8.719193456562E1
3.169750186390E0,8.719182303922E1
3.186907408444E0,8.719171151281E1
3.204064630498E0,8.719159998641E1
3.234379291638E0,8.717923170816E1
3.254067111538E0,8.697740914535E1
3.255661206233E0,8.676527171783E1
3.262223025985E0,8.655168926732E1
3.290091637802E0,8.636948309632E1
3.307275626193E0,8.627808720791E1
3.324432848247E0,8.627797568151E1
3.354747509387E0,8.626560740326E1
3.375979460153E0,8.602204488867E1
3.382537711060E0,8.582063368643E1
3.410399631292E0,8.566124860593E1
3.427563544930E0,8.563831598903E1
3.444720766984E0,8.563820446262E1
3.461877989038E0,8.563809293622E1
3.479035211092E0,8.563798140981E1
3.496192433146E0,8.563786988341E1
3.513349655200E0,8.563775835701E1
3.530506877254E0,8.563764683060E1
3.556315314024E0,8.563367556122E1
3.573780423306E0,8.555875971273E1
3.587204139649E0,8.536980112320E1
3.592660784602E0,8.522452236777E1
3.601319873790E0,8.506919602448E1
3.633657648690E0,8.492952386662E1
3.650821562329E0,8.490659124971E1
3.667978784383E0,8.490647972331E1
3.685136006437E0,8.490636819690E1
3.702293228491E0,8.490625667050E1
3.719450450545E0,8.490614514409E1
3.736607672599E0,8.490603361769E1
3.753764894653E0,8.490592209129E1
3.770922116707E0,8.490581056488E1
3.788079338761E0,8.490569903848E1
3.805236560815E0,8.490558751207E1
3.825825227279E0,8.490545368039E1
3.853276782566E0,8.490527523814E1
3.873865449031E0,8.490514140645E1
3.891022671085E0,8.490502988005E1
3.908179893139E0,8.490491835365E1
3.925337115193E0,8.490480682724E1
3.942494337247E0,8.490469530084E1
3.959651559301E0,8.490458377443E1
3.976808781355E0,8.490447224803E1
4.010534170434E0,8.487953022331E1
4.027348718759E0,8.474972130723E1
4.036981886290E0,8.448518811107E1
4.037046422903E0,8.426509137156E1
4.037099955577E0,8.408252264755E1
4.037153488251E0,8.389995392353E1
4.039351673682E0,8.371737125872E1
4.057131398950E0,8.332411787137E1
4.074442230038E0,8.326452572872E1
4.097391129800E0,8.326057304707E1
4.114548351854E0,8.326046152066E1
4.131705573908E0,8.326034999426E1
4.148862795962E0,8.326023846785E1
4.166020018016E0,8.326012694145E1
4.183177240070E0,8.326001541504E1
4.200334462124E0,8.325990388864E1
4.217491684178E0,8.325979236224E1
4.234648906232E0,8.325968083583E1
4.251806128286E0,8.325956930943E1
4.268963350340E0,8.325945778302E1
4.290533704081E0,8.325497070402E1
4.304113860105E0,8.319424364743E1
4.326993884345E0,8.283308769204E1
4.348712912037E0,8.258946438242E1
4.366329135653E0,8.253235488378E1
4.389278035414E0,8.252840220213E1
4.406435257468E0,8.252829067573E1
4.423592479522E0,8.252817914932E1
4.440749701576E0,8.252806762292E1
4.457906923630E0,8.252795609652E1
4.475064145684E0,8.252784457011E1
4.492221367738E0,8.252773304371E1
4.513791721479E0,8.252324596470E1
4.527371877503E0,8.246251890812E1
4.543811995398E0,8.212169018891E1
4.543880398260E0,8.188840793044E1
4.559842920260E0,8.158003891591E1
4.575442370707E0,8.152306601734E1
4.595459129770E0,8.152293590320E1
4.612616351824E0,8.152282437680E1
4.629773573878E0,8.152271285039E1
4.646930795932E0,8.152260132399E1
4.664088017986E0,8.152248979758E1
4.681245240040E0,8.152237827118E1
4.698402462094E0,8.152226674477E1
4.715559684148E0,8.152215521837E1
4.732716906202E0,8.152204369196E1
4.749874128256E0,8.152193216556E1
4.767031350310E0,8.152182063916E1
4.801048974859E0,8.148899802003E1
4.825035117978E0,8.118673491018E1
4.840833254162E0,8.100679051270E1
4.856933906539E0,8.090334372315E1
4.870771894616E0,8.084564330730E1
4.888563160211E0,8.070327646645E1
4.896020707821E0,8.046309986253E1
4.896085244434E0,8.024300312302E1
4.898283429865E0,8.006042045821E1
4.917722342302E0,7.973225664281E1
4.936279360582E0,7.969503672270E1
4.973156522140E0,7.966219551584E1
4.990702758914E0,7.938025964217E1
4.990771161775E0,7.914697738371E1
4.990824694450E0,7.896440865969E1
5.006787216450E0,7.865603964517E1
5.022386666897E0,7.859906674659E1
5.042403425960E0,7.859893663245E1
5.059560648014E0,7.859882510605E1
5.076717870068E0,7.859871357964E1
5.093875092122E0,7.859860205324E1
5.111032314176E0,7.859849052683E1
5.128189536230E0,7.859837900043E1
5.145346758284E0,7.859826747403E1
5.162503980338E0,7.859815594762E1
5.182520739401E0,7.859802583348E1
5.197743296985E0,7.857836598547E1
5.220108297601E0,7.840633827693E1
5.231278596389E0,7.810071720441E1
5.231346999250E0,7.786743494595E1
5.231400531924E0,7.768486622193E1
5.231454064598E0,7.750229749792E1
5.241807283772E0,7.730140498566E1
5.259167276762E0,7.710897954032E1
5.277267884738E0,7.704938226391E1
5.300216784500E0,7.704542958226E1
5.317374006554E0,7.704531805586E1
5.334531228608E0,7.704520652945E1
5.351688450662E0,7.704509500305E1
5.368845672716E0,7.704498347665E1
5.386002894770E0,7.704487195024E1
5.403160116824E0,7.704476042384E1
5.420317338878E0,7.704464889743E1
5.437474560932E0,7.704453737103E1
5.454631782986E0,7.704442584462E1
5.471789005040E0,7.704431431822E1
5.488946227094E0,7.704420279181E1
5.506103449148E0,7.704409126541E1
5.523260671202E0,7.704397973901E1
5.540417893256E0,7.704386821260E1
5.557575115310E0,7.704375668620E1
5.574732337364E0,7.704364515979E1
5.591889559418E0,7.704353363339E1
5.613459913159E0,7.703904655438E1
5.627040069183E0,7.697831949780E1
5.649920093423E0,7.661716354241E1
5.671639121115E0,7.637354023279E1
5.689255344731E0,7.631643073415E1
5.712204244492E0,7.631247805250E1
5.729361466546E0,7.631236652609E1
5.746518688600E0,7.631225499969E1
5.763675910654E0,7.631214347329E1
5.785246264395E0,7.630765639428E1
5.798826420419E0,7.624692933770E1
5.815266538314E0,7.590610061848E1
5.825634627675E0,7.565449457178E1
5.842994620665E0,7.546206912644E1
5.861095228642E0,7.540247185003E1
5.884044128403E0,7.539851916838E1
5.901201350457E0,7.539840764198E1
5.918358572511E0,7.539829611557E1
5.935515794565E0,7.539818458917E1
5.952673016619E0,7.539807306276E1
5.969830238673E0,7.539796153636E1
6.003555627752E0,7.537301951164E1
6.020370176077E0,7.524321059556E1
6.030003343609E0,7.497867739940E1
6.030067880221E0,7.475858065989E1
6.032266065652E0,7.457599799508E1
6.051820011380E0,7.418059586567E1
6.074813797864E0,7.411643879681E1
6.091484913496E0,7.404429923663E1
6.114021611667E0,7.369305274525E1
6.135740639359E0,7.344942943564E1
6.153356862975E0,7.339231993700E1
6.176305762736E0,7.338836725535E1
6.193462984790E0,7.338825572894E1
6.210620206844E0,7.338814420254E1
6.227777428898E0,7.338803267613E1
6.244934650952E0,7.338792114973E1
6.262091873006E0,7.338780962332E1
6.279249095060E0,7.338769809692E1
6.296406317114E0,7.338758657052E1
6.313563539168E0,7.338747504411E1
6.330720761222E0,7.338736351771E1
6.347877983276E0,7.338725199130E1
6.365035205330E0,7.338714046490E1
6.382192427384E0,7.338702893849E1
6.399349649438E0,7.338691741209E1
6.416506871492E0,7.338680588568E1
6.433664093546E0,7.338669435928E1
6.450821315600E0,7.338658283288E1
6.467978537654E0,7.338647130647E1
6.485135759708E0,7.338635978007E1
6.502292981762E0,7.338624825366E1
6.519450203816E0,7.338613672726E1
6.553175592895E0,7.336119470254E1
6.569990141220E0,7.323138578646E1
6.579623308752E0,7.296685259030E1
6.579687845365E0,7.274675585079E1
6.579741378039E0,7.256418712678E1
6.581939563470E0,7.238160446196E1
6.599719288738E0,7.198835107461E1
6.617030119826E0,7.192875893196E1
6.639979019587E0,7.192480625031E1
6.657136241641E0,7.192469472391E1
6.674293463695E0,7.192458319750E1
6.691450685749E0,7.192447167110E1
6.713021039490E0,7.191998459209E1
6.726601195514E0,7.185925753551E1
6.745180761600E0,7.153616461255E1
6.760050927612E0,7.132513627529E1
6.774564623370E0,7.128494209276E1
6.794581382433E0,7.128481197862E1
6.811738604487E0,7.128470045222E1
6.828895826541E0,7.128458892581E1
6.848912585604E0,7.128445881167E1
6.867174508558E0,7.124358823477E1
6.880636844902E0,7.113189493907E1
6.889042165139E0,7.095658915086E1
6.891251354509E0,7.073647847055E1
6.909031079777E0,7.034322508320E1
6.926341910865E0,7.028363294055E1
6.949290810626E0,7.027968025890E1
6.966448032680E0,7.027956873250E1
6.983605254734E0,7.027945720609E1
7.000762476788E0,7.027934567969E1
7.017919698842E0,7.027923415328E1
7.035076920896E0,7.027912262688E1
7.052234142950E0,7.027901110047E1
7.069391365004E0,7.027889957407E1
7.086548587058E0,7.027878804767E1
7.103705809112E0,7.027867652126E1
7.120863031166E0,7.027856499486E1
7.138020253220E0,7.027845346845E1
7.155177475274E0,7.027834194205E1
7.176747829015E0,7.027385486304E1
7.190327985039E0,7.021312780646E1
7.206768102934E0,6.987229908725E1
7.206836505796E0,6.963901682878E1
7.206890038470E0,6.945644810477E1
7.217243257644E0,6.925555559251E1
7.234603250633E0,6.906313014717E1
7.252703858610E0,6.900353287076E1
7.275652758371E0,6.899958018911E1
7.292809980425E0,6.899946866271E1
7.309967202479E0,6.899935713631E1
7.327124424533E0,6.899924560990E1
7.344281646587E0,6.899913408350E1
7.361438868641E0,6.899902255709E1
7.378596090695E0,6.899891103069E1
7.395753312749E0,6.899879950428E1
7.412910534803E0,6.899868797788E1
7.430067756857E0,6.899857645148E1
7.447224978911E0,6.899846492507E1
7.464382200965E0,6.899835339867E1
7.481539423019E0,6.899824187226E1
7.498696645073E0,6.899813034586E1
7.515853867127E0,6.899801881945E1
7.533011089181E0,6.899790729305E1
7.550168311235E0,6.899779576664E1
7.567325533289E0,6.899768424024E1
7.601050922368E0,6.897274221552E1
7.617865470693E0,6.884293329944E1
7.627498638225E0,6.857840010328E1
7.629707827594E0,6.835828942297E1
7.647487552862E0,6.796503603562E1
7.664798383950E0,6.790544389297E1
7.692160415399E0,6.789711565872E1
7.705740571423E0,6.783638860214E1
7.722180689318E0,6.749555988293E1
7.722249092179E0,6.726227762446E1
7.722302624853E0,6.707970890045E1
7.722356157527E0,6.689714017643E1
7.722409690202E0,6.671457145242E1
7.732762909375E0,6.651367894016E1
7.750122902365E0,6.632125349482E1
7.768223510342E0,6.626165621841E1
7.791172410103E0,6.625770353676E1
7.808329632157E0,6.625759201036E1
7.825486854211E0,6.625748048396E1
7.842644076265E0,6.625736895755E1
7.859801298319E0,6.625725743115E1
7.876958520373E0,6.625714590474E1
7.894115742427E0,6.625703437834E1
7.911272964481E0,6.625692285193E1
7.928430186535E0,6.625681132553E1
7.945587408589E0,6.625669979912E1
7.962744630643E0,6.625658827272E1
7.979901852697E0,6.625647674632E1
7.997059074751E0,6.625636521991E1
8.014216296805E0,6.625625369351E1
8.031373518859E0,6.625614216710E1
8.048530740913E0,6.625603064070E1
8.065687962967E0,6.625591911429E1
8.082845185021E0,6.625580758789E1
8.100002407075E0,6.625569606148E1
8.117159629129E0,6.625558453508E1
8.134316851183E0,6.625547300868E1
8.151474073237E0,6.625536148227E1
8.168631295291E0,6.625524995587E1
8.185788517345E0,6.625513842946E1
8.202945739399E0,6.625502690306E1
8.220102961453E0,6.625491537665E1
8.253828350532E0,6.622997335193E1
8.270642898857E0,6.610016443585E1
8.280276066389E0,6.583563123969E1
8.280340603001E0,6.561553450019E1
8.280394135675E0,6.543296577617E1
8.280447668349E0,6.525039705216E1
8.282645853780E0,6.506781438734E1
8.300425579048E0,6.467456099999E1
8.317736410137E0,6.461496885734E1
8.340685309898E0,6.461101617569E1
8.357842531952E0,6.461090464929E1
8.374999754006E0,6.461079312288E1
8.392156976060E0,6.461068159648E1
8.409314198114E0,6.461057007007E1
8.426471420168E0,6.461045854367E1
8.443628642222E0,6.461034701727E1
8.460785864276E0,6.461023549086E1
8.477943086330E0,6.461012396446E1
8.495100308384E0,6.461001243805E1
8.512257530438E0,6.460990091165E1
8.529414752492E0,6.460978938524E1
8.546571974546E0,6.460967785884E1
8.563729196600E0,6.460956633243E1
8.580886418654E0,6.460945480603E1
8.598043640708E0,6.460934327963E1
8.615200862762E0,6.460923175322E1
8.632358084816E0,6.460912022682E1
8.649515306870E0,6.460900870041E1
8.666672528924E0,6.460889717401E1
8.683829750978E0,6.460878564760E1
8.717555140057E0,6.458384362288E1
8.734369688382E0,6.445403470680E1
8.745623260219E0,6.418949097759E1
8.763938237877E0,6.375870616700E1
8.781249068965E0,6.369911402435E1
8.804197968727E0,6.369516134270E1
8.821355190781E0,6.369504981630E1
8.838512412835E0,6.369493828989E1
8.855669634889E0,6.369482676349E1
8.872826856943E0,6.369471523708E1
8.889984078997E0,6.369460371068E1
8.907141301051E0,6.369449218427E1
8.924298523105E0,6.369438065787E1
8.941455745159E0,6.369426913147E1
8.958612967213E0,6.369415760506E1
8.975770189267E0,6.369404607866E1
8.997747773707E0,6.369390321864E1
9.013801856230E0,6.365956729243E1
9.032722652398E0,6.342272121951E1
9.043965020700E0,6.321476832612E1
9.061729388516E0,6.310318290565E1
9.078900885950E0,6.305438638618E1
9.096058108004E0,6.305427485977E1
9.113215330058E0,6.305416333337E1
9.130372552112E0,6.305405180697E1
9.147529774166E0,6.305394028056E1
9.164686996220E0,6.305382875416E1
9.181844218274E0,6.305371722775E1
9.199001440328E0,6.305360570135E1
9.216158662382E0,6.305349417494E1
9.233315884436E0,6.305338264854E1
9.250473106490E0,6.305327112213E1
9.267630328544E0,6.305315959573E1
9.284787550598E0,6.305304806933E1
9.301944772652E0,6.305293654292E1
9.319101994706E0,6.305282501652E1
9.336259216760E0,6.305271349011E1
9.353416438814E0,6.305260196371E1
9.370573660868E0,6.305249043730E1
9.387730882922E0,6.305237891090E1
9.404888104976E0,6.305226738450E1
9.422045327030E0,6.305215585809E1
9.439202549084E0,6.305204433169E1
9.456359771138E0,6.305193280528E1
9.473516993192E0,6.305182127888E1
9.490674215246E0,6.305170975247E1
9.507831437300E0,6.305159822607E1
9.524988659354E0,6.305148669966E1
9.542145881408E0,6.305137517326E1
9.559303103462E0,6.305126364686E1
9.576460325516E0,6.305115212045E1
9.593617547570E0,6.305104059405E1
9.610774769624E0,6.305092906764E1
9.644792394173E0,6.301810644852E1
9.668778537292E0,6.271584333867E1
9.690497564984E0,6.247222002905E1
9.708113788600E0,6.241511053041E1
9.731062688361E0,6.241115784876E1
9.748219910415E0,6.241104632236E1
9.765377132469E0,6.241093479595E1
9.782534354523E0,6.241082326955E1
9.804104708264E0,6.240633619054E1
9.817684864288E0,6.234560913396E1
9.834124982183E0,6.200478041475E1
9.834193385045E0,6.177149815628E1
9.844546604219E0,6.157060564402E1
9.861906597208E0,6.137818019869E1
9.880007205185E0,6.131858292228E1
9.902956104946E0,6.131463024063E1
9.920113327000E0,6.131451871422E1
9.937270549054E0,6.131440718782E1
9.954427771108E0,6.131429566142E1
9.971584993162E0,6.131418413501E1
9.988742215216E0,6.131407260861E1
1.000589943727E1,6.131396108220E1
1.002305665932E1,6.131384955580E1
1.004021388138E1,6.131373802939E1
1.005737110343E1,6.131362650299E1
1.007452832549E1,6.131351497658E1
1.009168554754E1,6.131340345018E1
1.010884276959E1,6.131329192378E1
1.012599999165E1,6.131318039737E1
1.014757034539E1,6.130869331837E1
1.016115050141E1,6.124796626178E1
1.017973006750E1,6.092487333883E1
1.019460023351E1,6.071384500157E1
1.020911392927E1,6.067365081903E1
1.022913068833E1,6.067352070489E1
1.024628791039E1,6.067340917849E1
1.026344513244E1,6.067329765209E1
1.028060235449E1,6.067318612568E1
1.029775957655E1,6.067307459928E1
1.031491679860E1,6.067296307287E1
1.033207402066E1,6.067285154647E1
1.034923124271E1,6.067274002006E1
1.036638846476E1,6.067262849366E1
1.038354568682E1,6.067251696725E1
1.040070290887E1,6.067240544085E1
1.041786013093E1,6.067229391445E1
1.043501735298E1,6.067218238804E1
1.045217457503E1,6.067207086164E1
1.046933179709E1,6.067195933523E1
1.048648901914E1,6.067184780883E1
1.050364624120E1,6.067173628242E1
1.052080346325E1,6.067162475602E1
1.053796068530E1,6.067151322961E1
1.055511790736E1,6.067140170321E1
1.057227512941E1,6.067129017681E1
1.058943235147E1,6.067117865040E1
1.060944911053E1,6.067104853626E1
1.062467166811E1,6.065138868825E1
1.064703666873E1,6.047936097971E1
1.065820696752E1,6.017373990719E1
1.065827537038E1,5.994045764873E1
1.065832890305E1,5.975788892471E1
1.067429142505E1,5.944951991018E1
1.068989087550E1,5.939254701161E1
1.070990763456E1,5.939241689747E1
1.072706485662E1,5.939230537106E1
1.074422207867E1,5.939219384466E1
1.076137930072E1,5.939208231826E1
1.077853652278E1,5.939197079185E1
1.079569374483E1,5.939185926545E1
1.081285096689E1,5.939174773904E1
1.083000818894E1,5.939163621264E1
1.084716541099E1,5.939152468623E1
1.086432263305E1,5.939141315983E1
1.088147985510E1,5.939130163342E1
1.089863707716E1,5.939119010702E1
1.091579429921E1,5.939107858062E1
1.093581105827E1,5.939094846648E1
1.095407298123E1,5.935007788958E1
1.096753531757E1,5.923838459387E1
1.097594063781E1,5.906307880566E1
1.097814982718E1,5.884296812536E1
1.099758873962E1,5.851480430996E1
1.101614575790E1,5.847758438985E1
1.103616251696E1,5.847745427571E1
1.105331973901E1,5.847734274931E1
1.107047696107E1,5.847723122290E1
1.108763418312E1,5.847711969650E1
1.110479140518E1,5.847700817009E1
1.112194862723E1,5.847689664369E1
1.113910584928E1,5.847678511729E1
1.115626307134E1,5.847667359088E1
1.117342029339E1,5.847656206448E1
1.119057751545E1,5.847645053807E1
1.120773473750E1,5.847633901167E1
1.122489195955E1,5.847622748526E1
1.124204918161E1,5.847611595886E1
1.125920640366E1,5.847600443246E1
1.127636362572E1,5.847589290605E1
1.129352084777E1,5.847578137965E1
1.131067806982E1,5.847566985324E1
1.132783529188E1,5.847555832684E1
1.134499251393E1,5.847544680043E1
1.136214973599E1,5.847533527403E1
1.137930695804E1,5.847522374762E1
1.139646418009E1,5.847511222122E1
1.141362140215E1,5.847500069482E1
1.143077862420E1,5.847488916841E1
1.144793584626E1,5.847477764201E1
1.146509306831E1,5.847466611560E1
1.148225029036E1,5.847455458920E1
1.149940751242E1,5.847444306279E1
1.151656473447E1,5.847433153639E1
1.153372195653E1,5.847422000998E1
1.155087917858E1,5.847410848358E1
1.156803640063E1,5.847399695718E1
1.158519362269E1,5.847388543077E1
1.160235084474E1,5.847377390437E1
1.161950806680E1,5.847366237796E1
1.163666528885E1,5.847355085156E1
1.165382251090E1,5.847343932515E1
1.168784013545E1,5.844061670603E1
1.170538637223E1,5.815868083236E1
1.172136376441E1,5.779959828338E1
1.173696321486E1,5.774262538481E1
1.175697997392E1,5.774249527067E1
1.177413719598E1,5.774238374426E1
1.179129441803E1,5.774227221786E1
1.180845164009E1,5.774216069146E1
1.182560886214E1,5.774204916505E1
1.184276608419E1,5.774193763865E1
1.185992330625E1,5.774182611224E1
1.187708052830E1,5.774171458584E1
1.189423775036E1,5.774160305943E1
1.191139497241E1,5.774149153303E1
1.192855219446E1,5.774138000662E1
1.194570941652E1,5.774126848022E1
1.196286663857E1,5.774115695382E1
1.198002386063E1,5.774104542741E1
1.199718108268E1,5.774093390101E1
1.201433830473E1,5.774082237460E1
1.204461901086E1,5.773280118317E1
1.206398081837E1,5.762231926337E1
1.207610504764E1,5.741281206660E1
1.209607921247E1,5.704711682796E1
1.211463623075E1,5.700989690785E1
1.213465298981E1,5.700976679371E1
1.215181021186E1,5.700965526731E1
1.216896743392E1,5.700954374090E1
1.218612465597E1,5.700943221450E1
1.220328187802E1,5.700932068810E1
1.222043910008E1,5.700920916169E1
1.223759632213E1,5.700909763529E1
1.225475354419E1,5.700898610888E1
1.227191076624E1,5.700887458248E1
1.228906798829E1,5.700876305607E1
1.230622521035E1,5.700865152967E1
1.232338243240E1,5.700854000327E1
1.234053965446E1,5.700842847686E1
1.235769687651E1,5.700831695046E1
1.237485409856E1,5.700820542405E1
1.239201132062E1,5.700809389765E1
1.240916854267E1,5.700798237124E1
1.242632576473E1,5.700787084484E1
1.244348298678E1,5.700775931843E1
1.246064020883E1,5.700764779203E1
1.247779743089E1,5.700753626563E1
1.249495465294E1,5.700742473922E1
1.251211187500E1,5.700731321282E1
1.254239258113E1,5.699929202138E1
1.256175438863E1,5.688881010158E1
1.257387861790E1,5.667930290481E1
1.259219359556E1,5.624851809422E1
1.260950442665E1,5.618892595157E1
1.263245332641E1,5.618497326992E1
1.264961054846E1,5.618486174352E1
1.266676777052E1,5.618475021711E1
1.268392499257E1,5.618463869071E1
1.270108221462E1,5.618452716430E1
1.271823943668E1,5.618441563790E1
1.273539665873E1,5.618430411149E1
1.275255388079E1,5.618419258509E1
1.277412423453E1,5.617970550609E1
1.278770439055E1,5.611897844950E1
1.280414450845E1,5.577814973029E1
1.281451259781E1,5.552654368358E1
1.283187259080E1,5.533411823824E1
1.284997319877E1,5.527452096184E1
1.288315515597E1,5.527050176265E1
1.289676146494E1,5.520765543884E1
1.291541514563E1,5.500911785972E1
1.293716865848E1,5.476503878315E1
1.295307712912E1,5.472614563137E1
1.297602602888E1,5.472219294972E1
1.299318325093E1,5.472208142331E1
1.301034047299E1,5.472196989691E1
1.302749769504E1,5.472185837050E1
1.304465491710E1,5.472174684410E1
1.306181213915E1,5.472163531769E1
1.307896936120E1,5.472152379129E1
1.309612658326E1,5.472141226488E1
1.311328380531E1,5.472130073848E1
1.313044102737E1,5.472118921208E1
1.314759824942E1,5.472107768567E1
1.316475547147E1,5.472096615927E1
1.318191269353E1,5.472085463286E1
1.321563808261E1,5.469591260814E1
1.323245263093E1,5.456610369206E1
1.324370620277E1,5.430155996285E1
1.326368036760E1,5.393586472422E1
1.328223738588E1,5.389864480410E1
1.330225414494E1,5.389851468997E1
1.331941136699E1,5.389840316356E1
1.333656858905E1,5.389829163716E1
1.335372581110E1,5.389818011075E1
1.337088303316E1,5.389806858435E1
1.338804025521E1,5.389795705794E1
1.340519747726E1,5.389784553154E1
1.342235469932E1,5.389773400514E1
1.343951192137E1,5.389762247873E1
1.345666914343E1,5.389751095233E1
1.347382636548E1,5.389739942592E1
1.349098358753E1,5.389728789952E1
1.350814080959E1,5.389717637311E1
1.352529803164E1,5.389706484671E1
1.354245525370E1,5.389695332030E1
1.355961247575E1,5.389684179390E1
1.357676969780E1,5.389673026750E1
1.359392691986E1,5.389661874109E1
1.361108414191E1,5.389650721469E1
1.362824136397E1,5.389639568828E1
1.364539858602E1,5.389628416188E1
1.367941621057E1,5.386346154275E1
1.369696244734E1,5.358152566908E1
1.369703085020E1,5.334824341062E1
1.369708438288E1,5.316567468661E1
1.371304690488E1,5.285730567208E1
1.372864635533E1,5.280033277350E1
1.374866311439E1,5.280020265936E1
1.376582033644E1,5.280009113296E1
1.378297755850E1,5.279997960656E1
1.380013478055E1,5.279986808015E1
1.381729200260E1,5.279975655375E1
1.383444922466E1,5.279964502734E1
1.385160644671E1,5.279953350094E1
1.386876366877E1,5.279942197453E1
1.388592089082E1,5.279931044813E1
1.390307811287E1,5.279919892172E1
1.392023533493E1,5.279908739532E1
1.393739255698E1,5.279897586892E1
1.395454977904E1,5.279886434251E1
1.397170700109E1,5.279875281611E1
1.398886422314E1,5.279864128970E1
1.400602144520E1,5.279852976330E1
1.402317866725E1,5.279841823689E1
1.404033588931E1,5.279830671049E1
1.405749311136E1,5.279819518409E1
1.407465033341E1,5.279808365768E1
1.409180755547E1,5.279797213128E1
1.410896477752E1,5.279786060487E1
1.412612199958E1,5.279774907847E1
1.414327922163E1,5.279763755206E1
1.416043644368E1,5.279752602566E1
1.417759366574E1,5.279741449925E1
1.421161129029E1,5.276459188013E1
1.422915752706E1,5.248265600646E1
1.423952561642E1,5.223104995975E1
1.425688560941E1,5.203862451441E1
1.427498621739E1,5.197902723801E1
1.429793511715E1,5.197507455636E1
1.431509233920E1,5.197496302995E1
1.433224956126E1,5.197485150355E1
1.434940678331E1,5.197473997714E1
1.436656400537E1,5.197462845074E1
1.438372122742E1,5.197451692434E1
1.440087844947E1,5.197440539793E1
1.441803567153E1,5.197429387153E1
1.443519289358E1,5.197418234512E1
1.445235011564E1,5.197407081872E1
1.446950733769E1,5.197395929231E1
1.448666455974E1,5.197384776591E1
1.450382178180E1,5.197373623951E1
1.452097900385E1,5.197362471310E1
1.453813622591E1,5.197351318670E1
1.455529344796E1,5.197340166029E1
1.457245067001E1,5.197329013389E1
1.458960789207E1,5.197317860748E1
1.460676511412E1,5.197306708108E1
1.462392233618E1,5.197295555467E1
1.464107955823E1,5.197284402827E1
1.465823678028E1,5.197273250187E1
1.467539400234E1,5.197262097546E1
1.469255122439E1,5.197250944906E1
1.470970844645E1,5.197239792265E1
1.472686566850E1,5.197228639625E1
1.474402289055E1,5.197217486984E1
1.476118011261E1,5.197206334344E1
1.477833733466E1,5.197195181703E1
1.479549455672E1,5.197184029063E1
1.481265177877E1,5.197172876423E1
1.482980900082E1,5.197161723782E1
1.484696622288E1,5.197150571142E1
1.488069161196E1,5.194656368670E1
1.489750616028E1,5.181675477062E1
1.490875973212E1,5.155221104141E1
1.492873389695E1,5.118651580277E1
1.494729091523E1,5.114929588266E1
1.496730767429E1,5.114916576852E1
1.498446489634E1,5.114905424212E1
1.500162211840E1,5.114894271571E1
1.501877934045E1,5.114883118931E1
1.503593656251E1,5.114871966290E1
1.505309378456E1,5.114860813650E1
1.507025100661E1,5.114849661009E1
1.508740822867E1,5.114838508369E1
1.510456545072E1,5.114827355729E1
1.512172267278E1,5.114816203088E1
1.513887989483E1,5.114805050448E1
1.515603711688E1,5.114793897807E1
1.517319433894E1,5.114782745167E1
1.519035156099E1,5.114771592526E1
1.520750878305E1,5.114760439886E1
1.522466600510E1,5.114749287245E1
1.524182322715E1,5.114738134605E1
1.525898044921E1,5.114726981965E1
1.527613767126E1,5.114715829324E1
1.529329489332E1,5.114704676684E1
1.531045211537E1,5.114693524043E1
1.532760933742E1,5.114682371403E1
1.534476655948E1,5.114671218762E1
1.536192378153E1,5.114660066122E1
1.537908100359E1,5.114648913481E1
1.539623822564E1,5.114637760841E1
1.541339544769E1,5.114626608201E1
1.543055266975E1,5.114615455560E1
1.544770989180E1,5.114604302920E1
1.546486711386E1,5.114593150279E1
1.548202433591E1,5.114581997639E1
1.549918155796E1,5.114570844998E1
1.551633878002E1,5.114559692358E1
1.553349600207E1,5.114548539718E1
1.555351276114E1,5.114535528304E1
1.556873531872E1,5.112569543502E1
1.559110031934E1,5.095366772648E1
1.560227061812E1,5.064804665396E1
1.560233902098E1,5.041476439550E1
1.560239255366E1,5.023219567148E1
1.560244608633E1,5.004962694747E1
1.560249961901E1,4.986705822346E1
1.561846214101E1,4.955868920893E1
1.563406159145E1,4.950171631035E1
1.565407835052E1,4.950158619621E1
1.567123557257E1,4.950147466981E1
1.568839279463E1,4.950136314340E1
1.570555001668E1,4.950125161700E1
1.572270723873E1,4.950114009060E1
1.573986446079E1,4.950102856419E1
1.575702168284E1,4.950091703779E1
1.577417890490E1,4.950080551138E1
1.579133612695E1,4.950069398498E1
1.580849334900E1,4.950058245857E1
1.582565057106E1,4.950047093217E1
1.584280779311E1,4.950035940576E1
1.585996501517E1,4.950024787936E1
1.587712223722E1,4.950013635296E1
1.589427945927E1,4.950002482655E1
1.592829708382E1,4.946720220743E1
1.594584332060E1,4.918526633376E1
1.594591172346E1,4.895198407529E1
1.595454386716E1,4.876935958808E1
1.597612743235E1,4.844118183188E1
1.599468445063E1,4.840396191177E1
1.602782469377E1,4.839592213260E1
1.604718650128E1,4.828544021280E1
1.605931073055E1,4.807593301604E1
1.607762570820E1,4.764514820544E1
1.609493653929E1,4.758555606279E1
1.611788543905E1,4.758160338114E1
1.613504266111E1,4.758149185474E1
1.615219988316E1,4.758138032833E1
1.616935710522E1,4.758126880193E1
1.618651432727E1,4.758115727552E1
1.620367154932E1,4.758104574912E1
1.622082877138E1,4.758093422271E1
1.624239912512E1,4.757644714371E1
1.625597928114E1,4.751572008712E1
1.627455884723E1,4.719262716417E1
1.628942901324E1,4.698159882691E1
1.630394270900E1,4.694140464438E1
1.632395946806E1,4.694127453024E1
1.634111669011E1,4.694116300383E1
1.635827391217E1,4.694105147743E1
1.637543113422E1,4.694093995102E1
1.639258835628E1,4.694082842462E1
1.640974557833E1,4.694071689822E1
1.642690280038E1,4.694060537181E1
1.644406002244E1,4.694049384541E1
1.646121724449E1,4.694038231900E1
1.647837446655E1,4.694027079260E1
1.649553168860E1,4.694015926619E1
1.651268891065E1,4.694004773979E1
1.654670653520E1,4.690722512066E1
1.656425277198E1,4.662528924700E1
1.656432117484E1,4.639200698853E1
1.657467439401E1,4.619111447627E1
1.659203438700E1,4.599868903093E1
1.661013499498E1,4.593909175453E1
1.663308389474E1,4.593513907288E1
1.665024111679E1,4.593502754647E1
1.666739833885E1,4.593491602007E1
1.668455556090E1,4.593480449366E1
1.670171278296E1,4.593469296726E1
1.671887000501E1,4.593458144086E1
1.673602722706E1,4.593446991445E1
1.675318444912E1,4.593435838805E1
1.677034167117E1,4.593424686164E1
1.678749889323E1,4.593413533524E1
1.680465611528E1,4.593402380883E1
1.682181333733E1,4.593391228243E1
1.683897055939E1,4.593380075603E1
1.685612778144E1,4.593368922962E1
1.687328500350E1,4.593357770322E1
1.689044222555E1,4.593346617681E1
1.690759944760E1,4.593335465041E1
1.692475666966E1,4.593324312400E1
1.694191389171E1,4.593313159760E1
1.695907111377E1,4.593302007119E1
1.697622833582E1,4.593290854479E1
1.699338555787E1,4.593279701839E1
1.701054277993E1,4.593268549198E1
1.702770000198E1,4.593257396558E1
1.704485722404E1,4.593246243917E1
1.706201444609E1,4.593235091277E1
1.707917166814E1,4.593223938636E1
1.709632889020E1,4.593212785996E1
1.711348611225E1,4.593201633355E1
1.713064333431E1,4.593190480715E1
1.714780055636E1,4.593179328075E1
1.716495777841E1,4.593168175434E1
1.718211500047E1,4.593157022794E1
1.719927222252E1,4.593145870153E1
1.721642944458E1,4.593134717513E1
1.723358666663E1,4.593123564872E1
1.725074388868E1,4.593112412232E1
1.727272147313E1,4.593098126231E1
1.728877555565E1,4.589664533609E1
1.730769635182E1,4.565979926317E1
1.731893872012E1,4.545184636978E1
1.733670308793E1,4.534026094932E1
1.735387458537E1,4.529146442984E1
1.737103180742E1,4.529135290344E1
1.738818902948E1,4.529124137703E1
1.740534625153E1,4.529112985063E1
1.742250347358E1,4.529101832422E1
1.743966069564E1,4.529090679782E1
1.745967745470E1,4.529077668368E1
1.747793937766E1,4.524990610678E1
1.749140171400E1,4.513821281108E1
1.749980703424E1,4.496290702287E1
1.749987157085E1,4.474281028336E1
1.750206975628E1,4.456022761855E1
1.751984948155E1,4.416697423120E1
1.753716031264E1,4.410738208854E1
1.756010921240E1,4.410342940689E1
1.757726643445E1,4.410331788049E1
1.759442365651E1,4.410320635409E1
1.761158087856E1,4.410309482768E1
1.762873810061E1,4.410298330128E1
1.764589532267E1,4.410287177487E1
1.766305254472E1,4.410276024847E1
1.768020976678E1,4.410264872206E1
1.769736698883E1,4.410253719566E1
1.771452421088E1,4.410242566925E1
1.773168143294E1,4.410231414285E1
1.774883865499E1,4.410220261645E1
1.776599587705E1,4.410209109004E1
1.778315309910E1,4.410197956364E1
1.780031032115E1,4.410186803723E1
1.781746754321E1,4.410175651083E1
1.783462476526E1,4.410164498442E1
1.785178198732E1,4.410153345802E1
1.787335234106E1,4.409704637902E1
1.788693249708E1,4.403631932243E1
1.790337261498E1,4.369549060322E1
1.791935000716E1,4.333640805424E1
1.793494945761E1,4.327943515567E1
1.796808970075E1,4.327139537650E1
1.798745150826E1,4.316091345670E1
1.799957573752E1,4.295140625993E1
1.801838741661E1,4.251007707037E1
1.803844744792E1,4.247072828306E1
1.807152887469E1,4.254447034196E1
1.809243812380E1,4.254813793423E1
1.811300002393E1,4.263928846456E1
1.813852023930E1,4.272432115200E1
1.816101347934E1,4.273026055263E1
1.817815062664E1,4.279861229773E1
1.819530115711E1,4.282132186183E1
1.821245837917E1,4.282121033542E1
1.823468079593E1,4.285681885758E1
1.824848735587E1,4.279794378471E1
1.826404900683E1,4.241516748062E1
1.826411740969E1,4.218188522216E1
1.827447062886E1,4.198099270990E1
1.829183062185E1,4.178856726456E1
1.830993122983E1,4.172896998816E1
1.833288012959E1,4.172501730651E1
1.835003735165E1,4.172490578010E1
1.836719457370E1,4.172479425370E1
1.838435179575E1,4.172468272729E1
1.840150901781E1,4.172457120089E1
1.841866623986E1,4.172445967448E1
1.843582346192E1,4.172434814808E1
1.845298068397E1,4.172423662168E1
1.847013790602E1,4.172412509527E1
1.848729512808E1,4.172401356887E1
1.850445235013E1,4.172390204246E1
1.852160957219E1,4.172379051606E1
1.854317992593E1,4.171930343705E1
1.855676008195E1,4.165857638047E1
1.857320019985E1,4.131774766126E1
1.858356828921E1,4.106614161455E1
1.860092828220E1,4.087371616921E1
1.861902889017E1,4.081411889280E1
1.864197778993E1,4.081016621115E1
1.865913501199E1,4.081005468475E1
1.867629223404E1,4.080994315835E1
1.869826981848E1,4.080980029833E1
1.871432390101E1,4.077546437211E1
1.873324469717E1,4.053861829920E1
1.874448706548E1,4.033066540581E1
1.876225143329E1,4.021907998534E1
1.877942293073E1,4.017028346587E1
1.879658015278E1,4.017017193946E1
1.881373737483E1,4.017006041306E1
1.883089459689E1,4.016994888665E1
1.884805181894E1,4.016983736025E1
1.886520904100E1,4.016972583385E1
1.888236626305E1,4.016961430744E1
1.889952348510E1,4.016950278104E1
1.891668070716E1,4.016939125463E1
1.893383792921E1,4.016927972823E1
1.895099515127E1,4.016916820182E1
1.896815237332E1,4.016905667542E1
1.898530959537E1,4.016894514902E1
1.900246681743E1,4.016883362261E1
1.901962403948E1,4.016872209621E1
1.903678126154E1,4.016861056980E1
1.905393848359E1,4.016849904340E1
1.907109570564E1,4.016838751699E1
1.908825292770E1,4.016827599059E1
1.910541014975E1,4.016816446418E1
1.912256737181E1,4.016805293778E1
1.913972459386E1,4.016794141138E1
1.915688181591E1,4.016782988497E1
1.917403903797E1,4.016771835857E1
1.919119626002E1,4.016760683216E1
1.920835348208E1,4.016749530576E1
1.922551070413E1,4.016738377935E1
1.924266792618E1,4.016727225295E1
1.925982514824E1,4.016716072654E1
1.927698237029E1,4.016704920014E1
1.929413959235E1,4.016693767374E1
1.931129681440E1,4.016682614733E1
1.932845403645E1,4.016671462093E1
1.934561125851E1,4.016660309452E1
1.936276848056E1,4.016649156812E1
1.937992570262E1,4.016638004171E1
1.939708292467E1,4.016626851531E1
1.941424014672E1,4.016615698891E1
1.943139736878E1,4.016604546250E1
1.944855459083E1,4.016593393610E1
1.946571181289E1,4.016582240969E1
1.948286903494E1,4.016571088329E1
1.950002625699E1,4.016559935688E1
1.951718347905E1,4.016548783048E1
1.953434070110E1,4.016537630407E1
1.955149792316E1,4.016526477767E1
1.956865514521E1,4.016515325127E1
1.958581236726E1,4.016504172486E1
1.960296958932E1,4.016493019846E1
1.962012681137E1,4.016481867205E1
1.963728403343E1,4.016470714565E1
1.965444125548E1,4.016459561924E1
1.967159847753E1,4.016448409284E1
1.968875569959E1,4.016437256643E1
1.970591292164E1,4.016426104003E1
1.972307014370E1,4.016414951363E1
1.974022736575E1,4.016403798722E1
1.975738458780E1,4.016392646082E1
1.979140221235E1,4.013110384169E1
1.980894844913E1,3.984916796802E1
1.980901685199E1,3.961588570956E1
1.980907038466E1,3.943331698555E1
1.980912391734E1,3.925074826153E1
1.980917745001E1,3.906817953752E1
1.980923098268E1,3.888561081350E1
1.981958420186E1,3.868471830124E1
1.983694419485E1,3.849229285590E1
1.985504480282E1,3.843269557950E1
1.987799370259E1,3.842874289785E1
1.989515092464E1,3.842863137144E1
1.991230814669E1,3.842851984504E1
1.992946536875E1,3.842840831863E1
1.994662259080E1,3.842829679223E1
1.996377981286E1,3.842818526583E1
1.998093703491E1,3.842807373942E1
1.999809425696E1,3.842796221302E1
2.001525147902E1,3.842785068661E1
2.003240870107E1,3.842773916021E1
2.004956592313E1,3.842762763380E1
2.006672314518E1,3.842751610740E1
2.008388036723E1,3.842740458099E1
2.010103758929E1,3.842729305459E1
2.011819481134E1,3.842718152819E1
2.013535203340E1,3.842707000178E1
2.015250925545E1,3.842695847538E1
2.016966647750E1,3.842684694897E1
2.018682369956E1,3.842673542257E1
2.020398092161E1,3.842662389616E1
2.022113814367E1,3.842651236976E1
2.023829536572E1,3.842640084336E1
2.025545258777E1,3.842628931695E1
2.027260980983E1,3.842617779055E1
2.028976703188E1,3.842606626414E1
2.030692425394E1,3.842595473774E1
2.032408147599E1,3.842584321133E1
2.034123869804E1,3.842573168493E1
2.035839592010E1,3.842562015852E1
2.037555314215E1,3.842550863212E1
2.039271036421E1,3.842539710572E1
2.040986758626E1,3.842528557931E1
2.042702480831E1,3.842517405291E1
2.044418203037E1,3.842506252650E1
2.046133925242E1,3.842495100010E1
2.048290960616E1,3.842046392109E1
2.049648976219E1,3.835973686451E1
2.051292988008E1,3.801890814530E1
2.051299828294E1,3.778562588683E1
2.051305181562E1,3.760305716282E1
2.051310534829E1,3.742048843880E1
2.052173749199E1,3.723786395159E1
2.054332105719E1,3.690968619539E1
2.056187807547E1,3.687246627528E1
2.058189483453E1,3.687233616114E1
2.059905205658E1,3.687222463474E1
2.061620927864E1,3.687211310833E1
2.063336650069E1,3.687200158193E1
2.065052372275E1,3.687189005553E1
2.066768094480E1,3.687177852912E1
2.068483816685E1,3.687166700272E1
2.070199538891E1,3.687155547631E1
2.071915261096E1,3.687144394991E1
2.073630983302E1,3.687133242350E1
2.075346705507E1,3.687122089710E1
2.077062427712E1,3.687110937069E1
2.078778149918E1,3.687099784429E1
2.080493872123E1,3.687088631789E1
2.082209594329E1,3.687077479148E1
2.083925316534E1,3.687066326508E1
2.085641038739E1,3.687055173867E1
2.087356760945E1,3.687044021227E1
2.089072483150E1,3.687032868586E1
2.090788205356E1,3.687021715946E1
2.092503927561E1,3.687010563306E1
2.094219649766E1,3.686999410665E1
2.095935371972E1,3.686988258025E1
2.097651094177E1,3.686977105384E1
2.099366816383E1,3.686965952744E1
2.101082538588E1,3.686954800103E1
2.102798260793E1,3.686943647463E1
2.104513982999E1,3.686932494822E1
2.107915745454E1,3.683650232910E1
2.109670369131E1,3.655456645543E1
2.110535070520E1,3.632122843377E1
2.112693427039E1,3.599305067757E1
2.114549128867E1,3.595583075746E1
2.116550804774E1,3.595570064332E1
2.118266526979E1,3.595558911692E1
2.119982249184E1,3.595547759051E1
2.121697971390E1,3.595536606411E1
2.123413693595E1,3.595525453770E1
2.126815456050E1,3.592243191858E1
2.128570079728E1,3.564049604491E1
2.128576920014E1,3.540721378645E1
2.128582273281E1,3.522464506243E1
2.129445487651E1,3.504202057521E1
2.131603844171E1,3.471384281902E1
2.133459545999E1,3.467662289891E1
2.135461221905E1,3.467649278477E1
2.137176944110E1,3.467638125837E1
2.138892666316E1,3.467626973196E1
2.140608388521E1,3.467615820556E1
2.142324110727E1,3.467604667915E1
2.144039832932E1,3.467593515275E1
2.145755555137E1,3.467582362634E1
2.147471277343E1,3.467571209994E1
2.149186999548E1,3.467560057353E1
2.150902721754E1,3.467548904713E1
2.152618443959E1,3.467537752073E1
2.154334166164E1,3.467526599432E1
2.156049888370E1,3.467515446792E1
2.157765610575E1,3.467504294151E1
2.159481332781E1,3.467493141511E1
2.161197054986E1,3.467481988870E1
2.162912777191E1,3.467470836230E1
2.164628499397E1,3.467459683590E1
2.166344221602E1,3.467448530949E1
2.168059943808E1,3.467437378309E1
2.169775666013E1,3.467426225668E1
2.171491388218E1,3.467415073028E1
2.173207110424E1,3.467403920387E1
2.174922832629E1,3.467392767747E1
2.176638554835E1,3.467381615106E1
2.178354277040E1,3.467370462466E1
2.180069999245E1,3.467359309826E1
2.181785721451E1,3.467348157185E1
2.183501443656E1,3.467337004545E1
2.185217165862E1,3.467325851904E1
2.186932888067E1,3.467314699264E1
2.188648610272E1,3.467303546623E1
2.190364332478E1,3.467292393983E1
2.192080054683E1,3.467281241342E1
2.195108125296E1,3.466479122199E1
2.197044306047E1,3.455430930219E1
2.198256728973E1,3.434480210542E1
2.200088226739E1,3.391401729483E1
2.201819309848E1,3.385442515218E1
2.204114199824E1,3.385047247053E1
2.205829922030E1,3.385036094412E1
2.207545644235E1,3.385024941772E1
2.209261366440E1,3.385013789132E1
2.210977088646E1,3.385002636491E1
2.214349627554E1,3.382508434019E1
2.216031082386E1,3.369527542411E1
2.216994399139E1,3.343074222795E1
2.217215318076E1,3.321063154764E1
2.219159209320E1,3.288246773225E1
2.221014911148E1,3.284524781214E1
2.223016587054E1,3.284511769800E1
2.224732309260E1,3.284500617160E1
2.226448031465E1,3.284489464519E1
2.228163753671E1,3.284478311879E1
2.229879475876E1,3.284467159238E1
2.231595198081E1,3.284456006598E1
2.233310920287E1,3.284444853957E1
2.235026642492E1,3.284433701317E1
2.236742364698E1,3.284422548676E1
2.240144127153E1,3.281140286764E1
2.241898750830E1,3.252946699397E1
2.241905591116E1,3.229618473551E1
2.243501843316E1,3.198781572098E1
2.245061788361E1,3.193084282240E1
2.247063464267E1,3.193071270827E1
2.248779186472E1,3.193060118186E1
2.250494908678E1,3.193048965546E1
2.252210630883E1,3.193037812905E1
2.253926353089E1,3.193026660265E1
2.255642075294E1,3.193015507624E1
2.257357797499E1,3.193004354984E1
2.259073519705E1,3.192993202343E1
2.260789241910E1,3.192982049703E1
2.262504964116E1,3.192970897063E1
2.264220686321E1,3.192959744422E1
2.265936408526E1,3.192948591782E1
2.267652130732E1,3.192937439141E1
2.269367852937E1,3.192926286501E1
2.271083575143E1,3.192915133860E1
2.272799297348E1,3.192903981220E1
2.274515019553E1,3.192892828579E1
2.276230741759E1,3.192881675939E1
2.277946463964E1,3.192870523299E1
2.279662186170E1,3.192859370658E1
2.281377908375E1,3.192848218018E1
2.283093630580E1,3.192837065377E1
2.284809352786E1,3.192825912737E1
2.286525074991E1,3.192814760096E1
2.288240797197E1,3.192803607456E1
2.289956519402E1,3.192792454816E1
2.291672241607E1,3.192781302175E1
2.293387963813E1,3.192770149535E1
2.295103686018E1,3.192758996894E1
2.296819408224E1,3.192747844254E1
2.298535130429E1,3.192736691613E1
2.300250852634E1,3.192725538973E1
2.301966574840E1,3.192714386332E1
2.303682297045E1,3.192703233692E1
2.305398019251E1,3.192692081052E1
2.307113741456E1,3.192680928411E1
2.308829463661E1,3.192669775771E1
2.310545185867E1,3.192658623130E1
2.312260908072E1,3.192647470490E1
2.313976630278E1,3.192636317849E1
2.315692352483E1,3.192625165209E1
2.317408074688E1,3.192614012568E1
2.319123796894E1,3.192602859928E1
2.320839519099E1,3.192591707288E1
2.322555241305E1,3.192580554647E1
2.324270963510E1,3.192569402007E1
2.325986685715E1,3.192558249366E1
2.327702407921E1,3.192547096726E1
2.329704083827E1,3.192534085312E1
2.331530276123E1,3.188447027622E1
2.332876509757E1,3.177277698052E1
2.333717041781E1,3.159747119231E1
2.333723495442E1,3.137737445280E1
2.333728848709E1,3.119480572878E1
2.333734201977E1,3.101223700477E1
2.333739555244E1,3.082966828076E1
2.333744908512E1,3.064709955674E1
2.333750261779E1,3.046453083273E1
2.333755615046E1,3.028196210871E1
2.333760968314E1,3.009939338470E1
2.333766321581E1,2.991682466068E1
2.333986140124E1,2.973424199587E1
2.335764112651E1,2.934098860852E1
2.337495195760E1,2.928139646587E1
2.339790085736E1,2.927744378422E1
2.341505807942E1,2.927733225781E1
2.343221530147E1,2.927722073141E1
2.344937252352E1,2.927710920500E1
2.346652974558E1,2.927699767860E1
2.348368696763E1,2.927688615219E1
2.350084418969E1,2.927677462579E1
2.351800141174E1,2.927666309939E1
2.353515863379E1,2.927655157298E1
2.355231585585E1,2.927644004658E1
2.356947307790E1,2.927632852017E1
2.358663029996E1,2.927621699377E1
2.360378752201E1,2.927610546736E1
2.362094474406E1,2.927599394096E1
2.363810196612E1,2.927588241455E1
2.365525918817E1,2.927577088815E1
2.367241641023E1,2.927565936175E1
2.368957363228E1,2.927554783534E1
2.370673085433E1,2.927543630894E1
2.372388807639E1,2.927532478253E1
2.374104529844E1,2.927521325613E1
2.375820252050E1,2.927510172972E1
2.377535974255E1,2.927499020332E1
2.379251696460E1,2.927487867691E1
2.380967418666E1,2.927476715051E1
2.382683140871E1,2.927465562411E1
2.384398863077E1,2.927454409770E1
2.386114585282E1,2.927443257130E1
2.387830307487E1,2.927432104489E1
2.389546029693E1,2.927420951849E1
2.391703065067E1,2.926972243948E1
2.393061080669E1,2.920899538290E1
2.394705092459E1,2.886816666369E1
2.394711932745E1,2.863488440522E1
2.394717286012E1,2.845231568121E1
2.395752607930E1,2.825142316895E1
2.397488607229E1,2.805899772361E1
2.399298668026E1,2.799940044720E1
2.401593558002E1,2.799544776556E1
2.403309280208E1,2.799533623915E1
2.405025002413E1,2.799522471275E1
2.406740724619E1,2.799511318634E1
2.408456446824E1,2.799500165994E1
2.410172169029E1,2.799489013353E1
2.411887891235E1,2.799477860713E1
2.413603613440E1,2.799466708072E1
2.415319335646E1,2.799455555432E1
2.417035057851E1,2.799444402792E1
2.418750780056E1,2.799433250151E1
2.420466502262E1,2.799422097511E1
2.422182224467E1,2.799410944870E1
2.423897946673E1,2.799399792230E1
2.425613668878E1,2.799388639589E1
2.427329391083E1,2.799377486949E1
2.429045113289E1,2.799366334308E1
2.430760835494E1,2.799355181668E1
2.432476557700E1,2.799344029028E1
2.434192279905E1,2.799332876387E1
2.435908002110E1,2.799321723747E1
2.437623724316E1,2.799310571106E1
2.439339446521E1,2.799299418466E1
2.441055168727E1,2.799288265825E1
2.442770890932E1,2.799277113185E1
2.444486613137E1,2.799265960545E1
2.446202335343E1,2.799254807904E1
2.447918057548E1,2.799243655264E1
2.449633779754E1,2.799232502623E1
2.451349501959E1,2.799221349983E1
2.453065224164E1,2.799210197342E1
2.454780946370E1,2.799199044702E1
2.456496668575E1,2.799187892061E1
2.458212390781E1,2.799176739421E1
2.459928112986E1,2.799165586781E1
2.461643835191E1,2.799154434140E1
2.463359557397E1,2.799143281500E1
2.465075279602E1,2.799132128859E1
2.466791001808E1,2.799120976219E1
2.468506724013E1,2.799109823578E1
2.470222446218E1,2.799098670938E1
2.471938168424E1,2.799087518297E1
2.473653890629E1,2.799076365657E1
2.475369612835E1,2.799065213017E1
2.477085335040E1,2.799054060376E1
2.478801057245E1,2.799042907736E1
2.480516779451E1,2.799031755095E1
2.482232501656E1,2.799020602455E1
2.483948223862E1,2.799009449814E1
2.485663946067E1,2.798998297174E1
2.487379668272E1,2.798987144534E1
2.489095390478E1,2.798975991893E1
2.490811112683E1,2.798964839253E1
2.492526834889E1,2.798953686612E1
2.494242557094E1,2.798942533972E1
2.495958279299E1,2.798931381331E1
2.497674001505E1,2.798920228691E1
2.499389723710E1,2.798909076050E1
2.501105445916E1,2.798897923410E1
2.502821168121E1,2.798886770770E1
2.504536890326E1,2.798875618129E1
2.506252612532E1,2.798864465489E1
2.507968334737E1,2.798853312848E1
2.509684056943E1,2.798842160208E1
2.511399779148E1,2.798831007567E1
2.513115501353E1,2.798819854927E1
2.514831223559E1,2.798808702286E1
2.516546945764E1,2.798797549646E1
2.518262667970E1,2.798786397006E1
2.519978390175E1,2.798775244365E1
2.521694112380E1,2.798764091725E1
2.523409834586E1,2.798752939084E1
2.525125556791E1,2.798741786444E1
2.526841278997E1,2.798730633803E1
2.528557001202E1,2.798719481163E1
2.530272723407E1,2.798708328522E1
2.531988445613E1,2.798697175882E1
2.533704167818E1,2.798686023242E1
2.535419890024E1,2.798674870601E1
2.537135612229E1,2.798663717961E1
2.538851334434E1,2.798652565320E1
2.540567056640E1,2.798641412680E1
2.542282778845E1,2.798630260039E1
2.543998501051E1,2.798619107399E1
2.545714223256E1,2.798607954759E1
2.547429945461E1,2.798596802118E1
2.549145667667E1,2.798585649478E1
2.550861389872E1,2.798574496837E1
2.552577112078E1,2.798563344197E1
2.554292834283E1,2.798552191556E1
2.556008556488E1,2.798541038916E1
2.557724278694E1,2.798529886275E1
2.559440000899E1,2.798518733635E1
2.561155723105E1,2.798507580995E1
2.562871445310E1,2.798496428354E1
2.564587167515E1,2.798485275714E1
2.566302889721E1,2.798474123073E1
2.568018611926E1,2.798462970433E1
2.569734334132E1,2.798451817792E1
2.571450056337E1,2.798440665152E1
2.573165778542E1,2.798429512511E1
2.574881500748E1,2.798418359871E1
2.576597222953E1,2.798407207231E1
2.578312945159E1,2.798396054590E1
2.580028667364E1,2.798384901950E1
2.581744389569E1,2.798373749309E1
2.583460111775E1,2.798362596669E1
2.585175833980E1,2.798351444028E1
2.586891556186E1,2.798340291388E1
2.588607278391E1,2.798329138748E1
2.590323000596E1,2.798317986107E1
2.592038722802E1,2.798306833467E1
2.593754445007E1,2.798295680826E1
2.595470167213E1,2.798284528186E1
2.597185889418E1,2.798273375545E1
2.598901611623E1,2.798262222905E1
2.600617333829E1,2.798251070264E1
2.602333056034E1,2.798239917624E1
2.604048778240E1,2.798228764984E1
2.605764500445E1,2.798217612343E1
2.607480222650E1,2.798206459703E1
2.609195944856E1,2.798195307062E1
2.610911667061E1,2.798184154422E1
2.612627389267E1,2.798173001781E1
2.614343111472E1,2.798161849141E1
2.616058833677E1,2.798150696500E1
2.617774555883E1,2.798139543860E1
2.619490278088E1,2.798128391220E1
2.621206000294E1,2.798117238579E1
2.622921722499E1,2.798106085939E1
2.624637444704E1,2.798094933298E1
2.626353166910E1,2.798083780658E1
2.628068889115E1,2.798072628017E1
2.629784611321E1,2.798061475377E1
2.631500333526E1,2.798050322736E1
2.633216055731E1,2.798039170096E1
2.634931777937E1,2.798028017456E1
2.636647500142E1,2.798016864815E1
2.638363222348E1,2.798005712175E1
2.640078944553E1,2.797994559534E1
2.641794666758E1,2.797983406894E1
2.643510388964E1,2.797972254253E1
2.645226111169E1,2.797961101613E1
2.646941833375E1,2.797949948973E1
2.648657555580E1,2.797938796332E1
2.650373277785E1,2.797927643692E1
2.652088999991E1,2.797916491051E1
2.653804722196E1,2.797905338411E1
2.655520444402E1,2.797894185770E1
2.657236166607E1,2.797883033130E1
2.658951888812E1,2.797871880489E1
2.660667611018E1,2.797860727849E1
2.662383333223E1,2.797849575209E1
2.664099055429E1,2.797838422568E1
2.665814777634E1,2.797827269928E1
2.667530499839E1,2.797816117287E1
2.669246222045E1,2.797804964647E1
2.670961944250E1,2.797793812006E1
2.672677666456E1,2.797782659366E1
2.674393388661E1,2.797771506725E1
2.676109110866E1,2.797760354085E1
2.677824833072E1,2.797749201445E1
2.679540555277E1,2.797738048804E1
2.681256277483E1,2.797726896164E1
2.682971999688E1,2.797715743523E1
2.684687721893E1,2.797704590883E1
2.686403444099E1,2.797693438242E1
2.688119166304E1,2.797682285602E1
2.689834888510E1,2.797671132962E1
2.691550610715E1,2.797659980321E1
2.693266332920E1,2.797648827681E1
2.694982055126E1,2.797637675040E1
2.696697777331E1,2.797626522400E1
2.698413499537E1,2.797615369759E1
2.700129221742E1,2.797604217119E1
2.701844943947E1,2.797593064478E1
2.703560666153E1,2.797581911838E1
2.705276388358E1,2.797570759198E1
2.706992110564E1,2.797559606557E1
2.708707832769E1,2.797548453917E1
2.711186098177E1,2.797532344547E1
